<?xml version='1.0' ?>

<launch>
  <arg name="use_sim_time" default="true"/>
  <arg name="failover_mode" default="false"/>
  <arg name="gazebo_version" default='8'/>
  <arg name="sim_update_rate" default='100'/>

  <!-- Common launch -->
  <include file="$(find-pkg-share rmf_library)/launch/library_gz.launch.xml">
    <arg name="use_sim_time" value="$(var use_sim_time)"/>
    <arg name="failover_mode" value="$(var failover_mode)"/>
  </include>

  <!-- Simulation launch -->
  <include file="$(find-pkg-share rmf_library)/launch/simulation.launch.xml">
    <arg name="map_name" value="library" />
    <arg name="gazebo_version" value="$(var gazebo_version)" />
    <arg name="sim_update_rate" value="$(var sim_update_rate)"/>
  </include>

</launch>
