<?xml version='1.0' ?>

<launch>
  <arg name="use_sim_time" default="false"/>

  <!-- Common launch -->
  <include file="$(find-pkg-share rmf_library)/launch/common.launch.xml">
    <arg name="use_sim_time" value="$(var use_sim_time)"/>
    <arg name="viz_config_file" value ="$(find-pkg-share rmf_library)/launch/include/library.rviz"/>
    <arg name="config_file" value="$(find-pkg-share rmf_library)/maps/library/library.building.yaml"/>
    <arg name="use_reservation_node" value="true"/>
  </include>

  <!-- TinyRobot fleet adapter -->
  <group>
    <include file="$(find-pkg-share rmf_library)/launch/fleet_adapter.launch.xml">
      <arg name="use_sim_time" value="$(var use_sim_time)"/>
      <arg name="nav_graph_file" value="$(find-pkg-share rmf_library)/maps/library/nav_graphs/0.yaml" />
      <arg name="config_file" value="$(find-pkg-share rmf_library)/config/tinyRobot_config.yaml"/>
    </include>
  </group>

    <!-- cleanerBotA fleet adapter -->
  <group>
    <include file="$(find-pkg-share rmf_library)/launch/fleet_adapter.launch.xml">
      <arg name="use_sim_time" value="$(var use_sim_time)"/>
      <arg name="nav_graph_file" value="$(find-pkg-share rmf_library)/maps/library/nav_graphs/1.yaml" />
      <arg name="config_file" value="$(find-pkg-share rmf_library)/config/cleanerBotA_config.yaml"/>
    </include>
  </group>


</launch>
